id,name,all_raw_mediums
0,Isamu Noguchi,"Laminated and carved avodire | Design | Architecture & Design, Chromed steel and walnut | Design | Architecture & Design, Paper shade and metal frame | Design | Architecture & Design, Paper shade and metal stand | Design | Architecture & Design, Paper and metal | Design | Architecture & Design, Silk shade and bamboo stand | Design | Architecture & Design, Plastic and maple | Design | Architecture & Design, Bakelite resin | Design | Architecture & Design, Lithograph | Design | Architecture & Design, Pencil on cut-out-and-pasted graph paper on black construction paper | Drawing | Drawings & Prints, Unglazed Kasama red stoneware, wood pole, and hemp cord | Sculpture | Painting & Sculpture, Unglazed Karatsu red stoneware and wood | Sculpture | Painting & Sculpture, Terra cotta | Sculpture | Painting & Sculpture, Greek marble on wood and painted steel base | Sculpture | Painting & Sculpture, Iron with wood and painted steel base | Sculpture | Painting & Sculpture, Marble | Sculpture | Painting & Sculpture, Bronze, wood, and steel | Sculpture | Painting & Sculpture, Aluminum | Sculpture | Painting & Sculpture, Unglazed Seto red stoneware | Sculpture | Painting & Sculpture, Iron | Sculpture | Painting & Sculpture, Iron on painted wood base | Sculpture | Painting & Sculpture, Driftwood | Sculpture | Painting & Sculpture, Bronze | Sculpture | Painting & Sculpture, Birch, glass, aluminum dowel | Design | Architecture & Design, Granite and wood | Sculpture | collection, Bronze | Sculpture | collection, Marble on wood and steel base | Sculpture | collection, Marble | Sculpture | collection, Cast Iron | Sculpture | collection, Cast iron | Sculpture | collection, Fiberglass | Sculpture | collection, Granite | Sculpture | collection, Ribbon slate | Sculpture | collection, Graphite pencil on cut graph paper mounted on paper | Drawings | collection, Earthenware | Sculpture | collection, Opaque watercolor and graphite pencil on paper | Drawings | collection, Opaque watercolor, pen and ink, and graphite pencil on paper | Drawings | collection, Arni Marble | Sculpture, White Marble | Sculpture, Sculpture | steel pipe, Sculpture | basalt with mineral accretions, Aluminum | Sculpture, Ebonized plywood, aluminum, and Lucite | Furniture, Charcoal on ivory wove paper (discolored to cream), laid down on off-white Japanese paper | Drawing and Watercolor, Georgia marble | Sculpture, Slate | Sculpture, Birch and glass | Furniture, Brush and black wash on off-white Japanese paper | Drawing and Watercolor, Teak and steel | Furniture, Stencil print with opaque and translucent watercolor over traces of graphite on brown wove paper | Drawing and Watercolor, Brush and black ink on cream laid Japanese paper, mounted as a scroll | Painting, Bronze | Sculpture, Black basalt | Sculpture, Marble | Sculpture, Basalt; on a foundation bed of naturally rounded granite stones | Sculpture, Unglazed Bizen stoneware | Ceramics, basalt | Sculpture, galvanized steel | Sculpture, collage with graphite on graph paper mounted on black construction paper | Drawing, wood | Sculpture"
1,Amanda Ross-Ho,Two chromogenic prints | Photograph
2,Laurel Nakadate,"Three-channel video (color, sound) | Installation | Media and Performance, Chromogenic print with ink fingerprints | Photograph, Video, color, sound, 14:50 min."
3,Mequitta Ahuja,Oil on canvas | Paintings
4,Kip Fulbeck,Performance readings | multiple image performance
5,Ruth Asawa,"Lithograph | Print | Drawings & Prints, One from a portfolio of twelve lithographs (including title page and colophon) | Print | Drawings & Prints, Portfolio of 12 lithographs (including title page and colophon) | Portfolio | Drawings & Prints, Stamped ink on fabric sheeting | Drawing | Drawings & Prints, Patinated bronze wire | Sculpture | Painting & Sculpture, Brush and ink on paper | Drawings, Brass and steel wire | Sculpture, Relief Print | Drawings, Ink on paper | Sculpture, color lithograph | Print, lithograph (stone) in red-brown on German Etching paper | Portfolio, portfolio w/ 12 color lithographs (stone) including title page and colophon on German Etching paper | Portfolio, lithograph (stone) in black on German Etching paper | Portfolio, lithograph (stone) in red, green and violet on German Etching paper | Portfolio, lithograph (stone) in brown-red on German Etching paper | Portfolio, lithograph (stone) in brown-red, green and gray onGerman Etching paper | Portfolio, color lithograph on Rives Type IV paper | Print, lithograph in black and white on wove Rives BFK paper | Print, lithograph (stone) in black on German Etching paper | Print, lithograph (stone) in black on Rives BFK Type V paper | Print, lithograph (stone) in black on white Arches paper | Print, lithograph (stone) in black on Copperplate Deluxe paper | Print, lithograph (stone) in black on Rives BFK paper | Print, lithograph (stone) in blue-black on white Arches paper | Print, lithograph (stone) in two greens and green-brown on white Arches paper | Print, lithograph on wove Nacre paper | Print, lithograph on natural Nacre paper | Print, lithograph (stone) in dark brown on buff Arches paper | Print, lithograph (stone) in brown-red and red-black on white Arches paper | Print, lithograph (stone) in red-black on Fabriano paper | Print, lithograph (aluminum and stone) in yellow, red anddark green-blue on white Arches paper | Print, lithograph (stone) in black on Rives BFK Type IV paper | Print, lithograph (zinc and stone) in blue and dark blue-violet on Rives BFK Type III paper | Print, lithograph (stone) in pink on Copperplate Deluxe paper | Print, lithograph (zinc and stone) in brown and black on white Arches paper | Print, lithograph (stone) in red, green and violet on German Etching paper | Print, lithograph (stone and zinc) in brown, orange and yellow-green on white Arches paper | Print, lithograph | Print"
6,Do Ho Suh,"Inkjet print | Prints, Fiber-tipped pen, and brush and colored ink on plastic and paper | Drawings, Stainless steel, military dog tags, nickel-plated copper, steel, glass fiber-reinforced resin and rubber | Sculpture, Blown and molded glass | Glass | Modern and Contemporary Art, thread drawing embedded in handmade wove STPI paper | Drawing"
7,Oscar yi Hou,Oil on canvas | Paintings
8,Sarah Sze,"Lithograph | Print | Drawings & Prints, Lithograph and screenprint | Print | Drawings & Prints, Salt, water, stone, string, projector, video, pendulum, and other materials | Installation | Painting & Sculpture, Digital print, collage, and laser-engraving; and book | Illustrated Book | Drawings & Prints, Found objects | Sculpture | Painting & Sculpture, Lithograph, inkjet, screenprint, and watercolor with collage addition | Print | Drawings & Prints, Screenprint with embossing | Print | Drawings & Prints, Oil paint, acrylic paint, archival paper, acrylic polymers, ink, dibond, aluminum, and wood | Painting | Painting & Sculpture, Inkjet prints, oil, acrylic, adhesive, tape, ink, and wood | Installations, Silkscreen, tape, hand-cut paper, and pencil on paper | Prints, See individual records. Set of two lithographs. | Prints, Silkscreen, digital print, and laser-engraved paper | Prints, Laser-cut screenprint with painted pebbles, string and push pins | Prints, Offset lithograph on laser-cut paper and board | Prints, Chromogenic print mounted on aluminum | Photographs, Mixed media | Installations, Lithograph on multiple sheets of paper | Prints, Lithograph | Prints, Toilet paper and saliva | Sculpture, Lithograph in colors with screenprint | Prints | Drawings and Prints, Multimedia installation, including two-channel video, color, sound, 1 min., 30 sec.; video projectors; wood; stainless steel; acrylic; inkjet prints, ceramic, tape, and paper | Variable Media | Modern and Contemporary Art, Offset lithograph and screenprint | Prints | Drawings and Prints, Painting | oil paint, acrylic paint, inkjet prints, acrylic polymers, and ink on aluminum composite, aluminum, and wood, Installation Media | Acrylic paint, wood, archival prints, ladder, mirror, paper cups, stone, lamp, tools, pen, tape, paint brush, newspaper"
9,Wu Tsang,"High-definition video (color, sound) | Video | Media and Performance, Video (color, sound) | Video | Media and Performance, Two-channel video (color, sound) | Installation | Media and Performance, Video, color, sound, 5:15 min. | Installations | collection, Video installation, color, sound, 20 min. looped, with bar, twelve bar stools, gold lamé curtain, monitor, video player, and monitor mount | Installations | collection"
10,Martin Wong,"One from an illustrated book with thirty screenprints bound in a lead, wood, and flexible plastic cover | Illustrated Book | Drawings & Prints, Acrylic on canvas | Painting | Painting & Sculpture, Felt-tip pen on paper | Drawing | Drawings & Prints, Acrylic on canvas | Paintings, Screeprint and stencil | Prints, Etching and aquatint | Prints, Acrylic on linen | Paintings, Pencil on paper | Drawings, Screenprint | Prints, Oil on canvas | Paintings, black ballpoint pen on wove paper | Drawing, acrylic on canvas | Painting"
11,Josh Kline,"Commercial refrigerator, light box and blended liquids in bottles | Sculpture | Painting & Sculpture, Digital C-print, metal frame, hardware, pump, water, LED lights, glass, acrylic, colored gels, paint | Sculpture, 3D-printed sculptures in plaster, inkjet ink and cyanoacrylate, with janitor cart and LED lights | Sculpture, 3D-printed sculptures in plaster, inkjet ink, and cyanoacrylate; janitor cart, and LEDs | Sculpture"
12,Byron Kim,"Oil and wax on wood, forty parts | Paintings, Brush and ink on paper | Drawings, Watermark | Prints, Oil on wood panels | Painting, oil and wax on lauan plywood, birch plywood, and plywood | Painting, encaustic on linen | Painting"
13,Paul Pfeiffer,"Standard-definition video (color, silent; 2:07 min.), 5.6-inch monitor, and metal armature | Installation | Media and Performance, Two digital videos (color, silent; 0:04 min. and 0:06 min.), two LCD monitors, and two metal armatures | Installation | Media and Performance, Standard-definition video (color, silent; 2:51 min.), painted 5.6-inch monitor, and metal armature | Installation | Media and Performance, Inkjet print | Prints, Chromogenic print | Photographs, Video, with LCD monitor, DVD player, and cast plastic armature | Sculpture, Video, color, silent, 0:39 min., looped with metal armature | Sculpture, Video installation, color, silent, 0:05 min. looped, with projector and mounting arm | Sculpture, Video installation, color, silent, 0:15 min. looped, with projector and mounting arm | Sculpture"
14,Carlos Villa,"Acrylic on canvas | Painting, Acrylic, collaged acrylic on board, feathers, and painted chicken bones with hair, string, and fabric on paper | Drawings, Acrylic and feathers on canvas | Paintings"
15,Korakrit Arunanondchai,"Video installation, color, sound, 25:29 min., with denim pillows | Installations, Video, color, sound, 1:01 min. | Video, Video, color, sound, 2:46 min. | Video, Video, color, sound, 8:48 min. | Video, Video, color, sound, 22 min. | Video, Video, color, sound, 0:50 min. | Video, Two-channel video installation, color, sound, 20 min. | Installations, Two-channel video, color, sound, looped, with two monitors, metal, wood, plastic, digital print on canvas, digital print on vinyl, fluorescent lights, and plastic flowers | Installations"
16,Shu Lea Cheang,HTML | Digital Art
17,Cristina Lei Rodriguez,Book with a sculptured plastic slipcase | Drawings and Prints | Books
18,Albert Chong,Gelatin silver print | Photography
19,Michael Joo,"Multiple of plastic anatomical model | Multiple | Drawings & Prints, Video, color, sound, 8 min. | Video"
20,Laura Kina,Various media | Printed Materials | Paintings
21,Alfonso Ossorio,"Oil on Masonite | Paintings, Wood, metal, painted tin, plastic, bone, glass, wire, bolts, and shell | Sculpture, Artist's book | Books, Woodcut | Prints, Woodcut, printed in blue | Prints, watercolor and black ink on paper | Drawing, Watercolor, wax, and ink on paper | Drawing | Drawings & Prints, Watercolor and wax on board | Drawing | Drawings & Prints, Lithograph | Print | Drawings & Prints, Synthetic resin with nails, coins, steel wool, tooth, rope, screw eyes, shells, belt, key, and hinges on board | Painting | Painting & Sculpture, Glass and plastic marbles, West African wood figures, tree fragments, pebbles, geode, iron nails, coral, seashells, wood shoe trees, lobster claws, sword, painted human foot bones and vertebra, faux pearls, plastic and wooden letters, plastic sheets and scraps, wood scraps, painted wood, animal claws and bones, domino, glass eyes, bell, and other materials on plastic sheets mounted on wood | Painting | Painting & Sculpture, Ink and wax on board | Drawings, Screenprint | Prints, Assemblage on plastic panel | Paintings, Assemblage on composition board | Paintings, Assemblage and pigmented resin on composition board, with wood frame | Paintings, Wax crayon, transparent and opaque watercolor, brush and ink, pen and ink, collage, and graphite pencil on paper mounted on board | Drawings, Assemblage on panel | Paintings, Oil, enamel and plaster on composition board | Paintings, Watercolor and wax crayon on paper | Drawings, Opaque watercolor, brush and ink, and pen and ink on paper | Drawings, Transparent and opaque watercolor and pen and ink on paper | Drawings, ink, wax, and watercolor on Whatman watercolor board | Drawing, color lithograph on Arches wove paper | Print, accordion-bound volume with 8 etchings on Fabriano PWP paper, text by Lewis Thomas, title page and colophon, plus 1 etching mounted to cover of black clamshell box | Volume, etching on Fabriano PWP paper mounted to cover of black clamshell box | Print, etching on Fabriano PWP paper | Print, etching in blue on Fabriano PWP paper | Print, etching in black and red on Fabriano PWP paper | Print, etching in black and yellow on Fabriano PWP paper | Print, wood engraving | Print"
22,Stephanie Syjuco,"Inkjet print | Photograph | Photography, Inkjet print | Prints, Iinkjet print | Prints, Photogravure | Photographs, Pigment print | Graphic Arts | Print, Archival pigment inkjet | Photography | Photoprint, Inkjet print | Print | Photographs | Object Record Structure: Whole, Inkjet prints | Print | Photographs | Object Record Structure: Whole"
23,Saya Woolfalk,"Video, color, sound, 3:17 min. | Video"
24,Shizu Saldamando,screenprint on cotton paño | Graphic Arts | Print
25,Roger Shimomura,"Handmade book with ten color lithographs on ivory wove paper | Prints and Drawings, Color screen print on wove paper | Prints, acrylic on canvas | Painting, Lithograph | Prints"
26,Tiffany Chung,embroidery on fabric | Decorative Arts | Fiber
27,Tom Nakashima,"hand-colored etching and photo etching on paper | Graphic Arts | Print, handmade paper | Graphic Arts | Print, two-color etching on paper | Graphic Arts | Print, oil on canvas | Painting"
28,Patty Chang,"Two-channel video (color, sound), Video (color, sound) | Media and Performance, Inkjet print | Prints"
29,Hung Liu,"Oil on canvas, wood and glass | Paintings, Sculpture, Oil on canvas, two panels | Painting and Sculpture, screenprint | Graphic Arts | Print, oil on canvas, painted wood panel, metal support rod, and metal bird cage with wood and ceramic appendages | Metal, Oil, Ceramic | Painting, Woodcut, embossing, and collage | Prints, Oil on canvas with cannon shell | Paintings, Lithograph and photolithograph, aluminum gold leaf, and collage | Prints, lithograph in black on chine collé on Arches Cover White paper | Portfolio, screenprint in black over colored pulp on handmade paper | Print, oil on canvas | Painting"
